id,having_iphaving_ip_address,urlurl_length,shortining_service,having_at_symbol,double_slash_redirecting,prefix_suffix,having_sub_domain,sslfinal_state,domain_registeration_length,favicon,port,https_token,request_url,url_of_anchor,links_in_tags,sfh,submitting_to_email,abnormal_url,redirect,on_mouseover,rightclick,popupwidnow,iframe,age_of_domain,dnsrecord,web_traffic,page_rank,google_index,links_pointing_to_page,statistical_report,result
6,-1,0,-1,1,-1,-1,1,1,-1,1,1,-1,1,0,0,-1,-1,-1,0,1,1,1,1,1,1,1,-1,1,-1,-1,1
1,-1,1,1,1,-1,-1,-1,-1,-1,1,1,-1,1,-1,1,-1,-1,-1,0,1,1,1,1,-1,-1,-1,-1,1,1,-1,-1
8,1,0,1,1,1,-1,-1,-1,1,1,1,-1,-1,0,-1,-1,1,1,0,1,1,1,1,-1,-1,0,-1,1,0,1,-1
3,1,0,1,1,1,-1,-1,-1,-1,1,1,-1,1,0,-1,-1,-1,-1,0,1,1,1,1,1,-1,1,-1,1,0,-1,-1
10,1,1,-1,1,1,-1,-1,1,-1,1,1,1,1,0,1,-1,1,1,0,1,1,1,1,1,-1,0,-1,1,0,1,-1
5,1,0,-1,1,1,-1,1,1,-1,1,1,1,1,0,0,-1,1,1,0,-1,1,-1,1,-1,-1,0,-1,1,1,1,1
4,1,0,1,1,1,-1,-1,-1,1,1,1,-1,-1,0,0,-1,1,1,0,1,1,1,1,-1,-1,1,-1,1,-1,1,-1
7,1,0,-1,1,1,-1,-1,-1,1,1,1,1,-1,-1,0,-1,-1,-1,0,1,1,1,1,1,-1,-1,-1,1,0,-1,-1
